jaf_id,profile_id,company_id,jaf_jd,jaf_bond_duration,jaf_location_of_posting,jaf_currency,jaf_ctc,jaf_gross,jaf_cpi,jaf_bonus_allowed,jaf_opened_on,jaf_closed_on,jaf_slot
1,11,330,NULL,0,Gurugram,INR,1440000,1300000,7.5,0,2021-01-21 10:23:04,2021-01-23 11:48:33,NULL
2,9,13,NULL,10,Gurugram,INR,2480000,2110000,0.0,1,2021-01-20 16:55:49,2021-01-21 21:33:00,1.1
3,9,175,NULL,24,Bangalore,INR,2450000,1960000,7.5,1,2021-01-13 01:50:03,2021-01-14 17:55:15,NULL
4,7,89,NULL,0,United States,USD,60000,40000,0.0,1,2021-01-25 17:52:39,2021-01-27 03:41:06,NULL
5,9,13,NULL,0,Mumbai,INR,1910000,1720000,8.0,0,NULL,NULL,1.1
6,9,309,NULL,0,Kolkata,INR,2580000,2320000,0.0,1,2021-01-10 17:22:07,2021-01-11 15:48:43,NULL
7,7,107,NULL,0,Hyderabad,INR,5620000,3090000,0.0,1,2021-01-14 00:31:24,2021-01-15 03:22:02,NULL
8,8,203,NULL,0,Chennai,INR,4440000,3550000,0.0,1,2021-01-12 20:55:37,2021-01-14 23:57:53,NULL
9,8,232,NULL,12,Gurugram,INR,2980000,2090000,7.0,1,2021-01-20 10:15:26,2021-01-21 12:02:16,2.1
10,2,209,NULL,0,Japan,JPY,3650000,2920000,0.0,0,2021-01-19 08:41:58,2021-01-21 01:29:00,1.2
11,8,113,NULL,0,Mumbai,INR,3860000,2900000,8.0,0,2021-02-03 05:18:16,2021-02-05 03:07:16,NULL
12,6,310,NULL,0,Bangalore,INR,2500000,1880000,7.0,1,2021-02-02 09:35:30,2021-02-03 10:32:32,NULL
13,1,37,NULL,0,Kolkata,INR,3430000,2740000,6.5,0,2021-01-19 16:20:32,2021-01-21 04:08:37,NULL
14,1,59,NULL,0,Bangalore,INR,1310000,1050000,0.0,0,2021-01-25 23:24:06,2021-01-27 15:49:21,NULL
15,8,69,NULL,0,Mumbai,INR,2760000,1930000,8.0,1,2021-02-02 05:36:57,2021-02-03 21:09:28,9.1
16,8,286,NULL,0,Gurugram,INR,2380000,1780000,6.5,0,NULL,NULL,NULL
17,9,10,NULL,0,Kolkata,INR,2240000,1900000,0.0,0,2021-01-29 09:23:29,2021-01-30 11:31:20,NULL
18,9,29,NULL,0,Hyderabad,INR,2460000,2090000,6.5,1,NULL,NULL,NULL
19,8,304,NULL,0,Bangalore,INR,3180000,2070000,0.0,1,NULL,NULL,1.2
20,9,268,NULL,0,Mumbai,INR,2260000,2030000,0.0,1,NULL,NULL,NULL
21,9,13,NULL,0,Hyderabad,INR,2850000,2420000,0.0,0,NULL,NULL,1.1
22,5,27,NULL,0,Gurugram,INR,2650000,2120000,7.0,0,2021-01-16 18:42:19,2021-01-17 22:10:43,NULL
23,8,332,NULL,12,Kolkata,INR,4160000,2700000,7.0,0,2021-01-13 23:48:42,2021-01-15 21:59:10,NULL
24,4,140,NULL,12,Kolkata,INR,2600000,2210000,0.0,0,2021-01-14 11:41:39,2021-01-15 15:03:02,3.2
25,2,213,NULL,12,Hyderabad,INR,2190000,1970000,8.0,0,2021-01-25 13:59:20,2021-01-26 18:00:49,NULL
26,2,134,NULL,0,Bangalore,INR,2370000,2130000,0.0,0,2021-01-27 04:46:58,2021-01-28 19:06:06,NULL
27,6,256,NULL,0,Hyderabad,INR,2690000,2150000,8.5,1,2021-01-23 10:06:46,2021-01-24 16:01:11,NULL
28,8,266,NULL,0,Kolkata,INR,3600000,2340000,7.5,1,2021-02-02 08:05:52,2021-02-03 07:06:01,1.1
29,3,239,NULL,0,Bangalore,INR,1540000,1310000,0.0,0,2021-01-14 22:39:28,2021-01-15 23:56:40,NULL
30,6,146,NULL,0,Bangalore,INR,4420000,3090000,6.5,0,2021-01-26 04:12:55,2021-01-27 14:32:23,1.1
31,6,299,NULL,0,Gurugram,INR,3970000,3180000,0.0,1,2021-01-13 16:13:43,2021-01-14 19:01:00,NULL
32,1,317,NULL,0,Chennai,INR,1940000,1550000,0.0,0,2021-01-17 11:29:01,2021-01-18 18:06:00,NULL
33,9,57,NULL,0,Kolkata,INR,3140000,2510000,6.5,1,2021-02-01 01:27:40,2021-02-02 16:01:23,NULL
34,6,336,NULL,0,Bangalore,INR,3180000,2070000,7.5,0,2021-01-22 21:42:07,2021-01-25 04:10:27,NULL
35,3,239,NULL,0,Bangalore,INR,3000000,2400000,0.0,0,2021-01-20 03:26:51,2021-01-21 16:33:43,NULL
36,8,219,NULL,0,Chennai,INR,5390000,4310000,0.0,0,NULL,NULL,NULL
37,9,175,NULL,0,Bangalore,INR,2230000,1900000,0.0,1,2021-02-03 05:15:45,2021-02-04 23:17:47,NULL
38,8,282,NULL,0,Bangalore,INR,3680000,2760000,8.5,0,NULL,NULL,NULL
39,8,273,NULL,0,Kolkata,INR,2660000,1860000,0.0,1,2021-01-11 18:58:08,2021-01-12 10:36:44,3.1
40,9,95,NULL,0,South Korea,KRW,43870000,35100000,0.0,1,2021-01-10 18:55:26,2021-01-11 19:01:22,3.1
41,9,305,NULL,0,South Korea,KRW,32250000,27410000,7.5,1,NULL,NULL,NULL
42,8,79,NULL,0,Mumbai,INR,2210000,1440000,6.5,0,2021-02-01 16:35:26,2021-02-01 23:40:24,NULL
43,9,86,NULL,12,Chennai,INR,2900000,2610000,8.5,1,NULL,NULL,NULL
44,8,7,NULL,0,Mumbai,INR,3770000,2640000,8.5,0,NULL,NULL,4.1
45,2,209,NULL,10,Japan,JPY,3720000,3160000,8.0,0,2021-01-15 10:37:13,2021-01-16 23:29:54,1.2
46,8,254,NULL,0,Gurugram,INR,2580000,1680000,0.0,1,2021-01-20 01:27:17,2021-01-21 13:29:15,NULL
47,4,332,NULL,0,Kolkata,INR,2650000,2120000,0.0,1,NULL,NULL,NULL
48,8,210,NULL,0,Chennai,INR,1880000,1500000,0.0,0,NULL,NULL,NULL
49,9,10,NULL,0,Gurugram,INR,2490000,1990000,0.0,1,NULL,NULL,NULL
50,11,8,NULL,0,Hong Kong,HKD,280000,250000,0.0,1,2021-01-10 01:44:07,2021-01-11 04:53:30,NULL
51,8,249,NULL,0,Kolkata,INR,2730000,1770000,8.0,1,NULL,NULL,2.1
52,6,153,NULL,0,Gurugram,INR,4000000,2600000,0.0,1,2021-01-26 11:02:39,2021-01-27 10:13:32,NULL
53,6,263,NULL,0,Bangalore,INR,2870000,1870000,0.0,0,NULL,NULL,NULL
54,8,32,NULL,12,Hyderabad,INR,3080000,2000000,8.5,1,2021-01-22 01:14:19,2021-01-23 19:38:57,NULL
55,3,259,NULL,10,Gurugram,INR,2260000,1810000,0.0,1,NULL,NULL,NULL
56,4,188,NULL,12,Kolkata,INR,2690000,2420000,8.5,0,2021-01-21 07:13:11,2021-01-23 22:49:47,NULL
57,8,242,NULL,0,Hyderabad,INR,3220000,2420000,0.0,1,2021-01-18 10:58:30,2021-01-20 17:05:58,NULL
58,8,170,NULL,0,Bangalore,INR,3100000,2020000,7.0,0,2021-01-26 00:07:04,2021-01-27 13:38:03,NULL
59,8,63,NULL,0,Chennai,INR,2930000,2340000,8.5,0,NULL,NULL,NULL
60,8,338,NULL,0,Gurugram,INR,3750000,3000000,0.0,0,2021-01-18 20:38:24,2021-01-20 06:12:51,NULL
61,8,165,NULL,0,Kolkata,INR,3820000,2670000,0.0,1,2021-02-02 01:16:44,2021-02-03 00:13:06,NULL
62,9,306,NULL,0,Gurugram,INR,3240000,2590000,0.0,0,2021-01-29 14:05:29,2021-01-31 04:32:37,NULL
63,6,350,NULL,0,Bangalore,INR,4690000,3280000,8.5,0,2021-01-24 10:01:33,2021-01-25 13:44:57,NULL
64,9,23,NULL,0,United States,USD,30000,30000,8.0,1,2021-01-11 10:36:13,2021-01-12 04:07:17,NULL
65,2,236,NULL,6,Japan,JPY,4410000,3970000,7.5,0,2021-02-02 12:19:27,2021-02-04 13:05:14,NULL
66,8,188,NULL,24,Kolkata,INR,3320000,2660000,7.0,1,NULL,NULL,NULL
67,2,134,NULL,0,Mumbai,INR,2520000,2020000,7.5,1,NULL,NULL,NULL
68,9,275,NULL,0,Chennai,INR,2150000,1830000,7.0,1,2021-01-12 19:32:44,2021-01-13 22:52:11,2.1
69,3,67,NULL,0,Mumbai,INR,2860000,2290000,7.0,0,2021-02-01 12:28:10,2021-02-02 15:20:34,NULL
70,9,142,NULL,0,Bangalore,INR,2970000,2380000,0.0,0,NULL,NULL,NULL
71,8,274,NULL,0,Mumbai,INR,2640000,1980000,8.0,0,NULL,NULL,NULL
72,8,7,NULL,0,Chennai,INR,3940000,2960000,0.0,0,2021-01-26 23:42:17,2021-01-28 02:41:21,4.1
73,6,267,NULL,0,Kolkata,INR,4790000,3110000,6.5,0,2021-01-20 21:10:35,2021-01-22 18:04:31,NULL
74,1,192,NULL,24,Japan,JPY,4450000,3560000,7.0,1,NULL,NULL,NULL
75,8,307,NULL,0,Kolkata,INR,2540000,1900000,0.0,0,2021-01-10 14:58:39,2021-01-12 17:10:20,3.1
76,3,55,NULL,0,Mumbai,INR,3130000,2820000,0.0,1,2021-01-26 08:00:14,2021-01-28 11:31:52,NULL
77,8,89,NULL,0,United States,USD,60000,40000,0.0,0,2021-01-26 14:23:42,2021-01-28 21:05:13,NULL
78,8,54,NULL,0,Chennai,INR,3060000,1990000,8.0,1,2021-01-18 16:29:52,2021-01-20 10:02:23,NULL
79,8,293,NULL,12,Bangalore,INR,3810000,2860000,0.0,0,2021-01-16 09:59:46,2021-01-17 22:48:40,3.2
80,4,307,NULL,10,Bangalore,INR,2380000,2140000,0.0,0,NULL,NULL,3.1
81,8,98,NULL,0,Hong Kong,HKD,350000,280000,7.0,1,NULL,NULL,NULL
82,8,74,NULL,0,Kolkata,INR,3880000,3100000,8.5,1,NULL,NULL,NULL
83,8,350,NULL,12,Gurugram,INR,2690000,1880000,7.5,0,2021-01-29 07:40:48,2021-01-31 03:31:37,NULL
84,3,21,NULL,0,Chennai,INR,2720000,2310000,8.0,0,2021-01-14 19:34:32,2021-01-16 03:30:12,2.1
85,8,106,NULL,24,Bangalore,INR,3610000,2530000,0.0,1,2021-01-26 15:04:00,2021-01-29 03:49:47,NULL
86,8,146,NULL,0,Chennai,INR,2990000,2240000,7.0,1,2021-01-12 01:56:03,2021-01-12 16:51:32,1.1
87,8,94,NULL,0,Chennai,INR,4040000,2830000,8.5,1,2021-01-23 01:13:48,2021-01-24 08:58:48,NULL
88,1,97,NULL,0,Hyderabad,INR,2190000,1860000,7.5,1,2021-01-23 06:19:58,2021-01-24 07:03:10,2.2
89,11,313,NULL,0,Gurugram,INR,2500000,2120000,0.0,1,NULL,NULL,NULL
90,4,7,NULL,0,Mumbai,INR,2240000,1900000,0.0,1,2021-01-19 03:26:14,2021-01-19 11:41:13,4.1
91,8,53,NULL,6,Chennai,INR,2740000,1780000,0.0,1,NULL,NULL,NULL
92,9,64,NULL,0,Japan,JPY,3940000,3150000,7.5,0,NULL,NULL,NULL
93,4,324,NULL,0,Gurugram,INR,2530000,2150000,8.0,0,NULL,NULL,NULL
94,8,165,NULL,0,Chennai,INR,3870000,3100000,0.0,0,2021-01-27 16:10:44,2021-01-30 05:23:17,NULL
95,3,96,NULL,0,Chennai,INR,3040000,2580000,0.0,1,NULL,NULL,NULL
96,4,350,NULL,0,Hyderabad,INR,2900000,2460000,8.0,0,NULL,NULL,NULL
97,6,146,NULL,0,Kolkata,INR,2990000,2390000,6.5,1,2021-01-21 23:16:22,2021-01-23 12:34:35,1.1
98,9,13,NULL,0,Mumbai,INR,2520000,2020000,8.0,1,NULL,NULL,1.1
99,2,136,NULL,10,Bangalore,INR,2460000,2090000,0.0,0,NULL,NULL,5.1
100,7,265,NULL,0,Gurugram,INR,5900000,3540000,0.0,0,NULL,NULL,1.1
101,8,64,NULL,0,Japan,JPY,6520000,4240000,0.0,1,2021-01-26 19:32:27,2021-01-27 19:38:42,NULL
102,8,165,NULL,0,Hyderabad,INR,3500000,2800000,0.0,1,NULL,NULL,NULL
103,8,299,NULL,10,Mumbai,INR,2610000,2090000,0.0,0,2021-01-22 21:13:31,2021-01-24 05:28:05,NULL
104,1,230,NULL,0,Kolkata,INR,1740000,1390000,7.5,0,NULL,NULL,NULL
105,9,56,NULL,0,Kolkata,INR,1960000,1570000,0.0,1,NULL,NULL,NULL
106,9,124,NULL,0,Chennai,INR,2110000,1690000,0.0,0,2021-02-02 19:36:45,2021-02-03 19:41:09,NULL
107,6,111,NULL,0,Chennai,INR,3890000,2720000,0.0,1,2021-01-19 17:10:53,2021-01-21 08:19:14,NULL
108,4,324,NULL,0,Mumbai,INR,2610000,2350000,0.0,1,2021-01-19 11:50:08,2021-01-21 13:20:03,NULL
109,11,340,NULL,0,Kolkata,INR,2320000,1860000,8.0,1,NULL,NULL,NULL
110,8,201,NULL,10,Japan,JPY,7100000,5680000,7.0,1,NULL,NULL,NULL
111,9,315,NULL,0,Kolkata,INR,2630000,2370000,7.0,0,2021-01-25 22:47:50,2021-01-27 21:45:19,NULL
112,8,356,NULL,0,Hyderabad,INR,3070000,2150000,7.5,0,NULL,NULL,NULL
113,8,272,NULL,0,Gurugram,INR,2890000,1880000,0.0,0,2021-01-10 23:26:59,2021-01-12 02:28:00,NULL
114,4,226,NULL,0,Chennai,INR,2610000,2350000,0.0,0,NULL,NULL,NULL
115,8,219,NULL,0,Gurugram,INR,2550000,1910000,0.0,1,NULL,NULL,NULL
116,8,14,NULL,0,Chennai,INR,3880000,2910000,7.0,0,NULL,NULL,NULL
117,3,352,NULL,12,United States,USD,40000,40000,0.0,0,2021-01-20 09:43:48,2021-01-21 02:11:55,NULL
118,9,56,NULL,10,Mumbai,INR,2550000,2170000,8.5,1,2021-01-26 23:01:24,2021-01-28 19:34:02,NULL
119,4,92,NULL,0,Bangalore,INR,3020000,2570000,6.5,0,2021-02-02 21:26:02,2021-02-04 17:43:09,NULL
120,6,5,NULL,0,South Korea,KRW,60410000,42290000,0.0,0,NULL,NULL,2.1
121,8,283,NULL,0,Gurugram,INR,4540000,3400000,7.5,1,NULL,NULL,NULL
122,4,40,NULL,24,Gurugram,INR,2020000,1620000,0.0,1,NULL,NULL,7.1
123,8,281,NULL,12,Bangalore,INR,3750000,2620000,8.0,1,NULL,NULL,NULL
124,6,334,NULL,0,Chennai,INR,2720000,1900000,0.0,0,2021-01-15 09:01:52,2021-01-17 02:12:32,NULL
125,8,39,NULL,12,Mumbai,INR,3080000,2160000,0.0,0,2021-01-16 18:57:44,2021-01-18 16:59:53,NULL
126,9,325,NULL,6,Hong Kong,HKD,170000,140000,7.0,1,2021-01-10 16:25:12,2021-01-13 11:04:48,1.1
127,8,150,NULL,0,Kolkata,INR,3770000,2830000,8.0,0,NULL,NULL,NULL
128,8,103,NULL,6,Mumbai,INR,4140000,3310000,7.5,1,2021-01-12 04:17:16,2021-01-12 10:45:03,NULL
129,6,162,NULL,12,Hyderabad,INR,4140000,3310000,0.0,1,NULL,NULL,NULL
130,8,266,NULL,12,Bangalore,INR,4500000,3380000,7.0,1,2021-01-13 18:18:48,2021-01-14 08:00:41,1.1
131,6,313,NULL,0,Bangalore,INR,2500000,2000000,0.0,1,2021-01-28 08:40:28,2021-01-29 18:36:16,NULL
132,3,26,NULL,6,Hyderabad,INR,2280000,1940000,0.0,1,2021-01-13 05:18:36,2021-01-15 04:40:13,NULL
133,8,12,NULL,12,Kolkata,INR,2410000,1810000,8.5,1,NULL,NULL,NULL
134,8,289,NULL,0,Kolkata,INR,3370000,2700000,0.0,0,2021-01-21 09:05:15,2021-01-23 18:56:42,NULL
135,8,290,NULL,0,Chennai,INR,4350000,3260000,0.0,0,2021-02-01 03:26:50,2021-02-02 07:46:39,NULL
136,11,114,NULL,0,Hyderabad,INR,2670000,2270000,7.0,0,NULL,NULL,1.2
137,4,341,NULL,0,Hyderabad,INR,2700000,2160000,8.0,0,2021-01-12 23:56:22,2021-01-15 20:32:11,NULL
138,8,289,NULL,0,Mumbai,INR,2430000,1820000,7.0,1,2021-01-24 21:48:30,2021-01-26 14:28:07,NULL
139,8,213,NULL,0,Hyderabad,INR,4370000,3280000,0.0,1,NULL,NULL,NULL
140,9,13,NULL,12,Gurugram,INR,2150000,1720000,7.5,0,2021-02-02 11:18:57,2021-02-04 13:36:56,1.1
141,8,117,NULL,0,Chennai,INR,4070000,2650000,6.5,1,2021-02-02 10:07:26,2021-02-03 12:56:24,NULL
142,8,187,NULL,12,Hong Kong,HKD,360000,290000,0.0,1,2021-01-27 22:42:10,2021-01-29 01:15:01,NULL
143,8,193,NULL,0,Mumbai,INR,3370000,2530000,0.0,0,NULL,NULL,NULL
144,8,78,NULL,0,South Korea,KRW,76380000,49650000,8.0,0,NULL,NULL,NULL
145,8,88,NULL,0,Hyderabad,INR,3000000,2100000,6.5,0,2021-01-25 17:53:34,2021-01-26 09:56:56,NULL
146,4,213,NULL,0,Kolkata,INR,3080000,2770000,0.0,0,2021-01-27 23:45:36,2021-01-29 23:19:57,NULL
147,2,262,NULL,0,Chennai,INR,2050000,1840000,8.5,1,NULL,NULL,1.2
148,9,11,NULL,0,Japan,JPY,4290000,3860000,0.0,0,2021-02-04 04:34:43,2021-02-06 04:42:00,NULL
149,8,304,NULL,6,Chennai,INR,3830000,2870000,8.5,1,2021-01-24 03:19:49,2021-01-25 15:28:16,1.2
150,1,238,NULL,0,Gurugram,INR,2210000,1880000,6.5,0,NULL,NULL,NULL
151,9,314,NULL,0,Chennai,INR,2710000,2170000,0.0,1,2021-01-23 17:31:54,2021-01-24 20:58:45,NULL
152,8,228,NULL,0,Gurugram,INR,5480000,4380000,0.0,0,2021-01-17 17:57:45,2021-01-18 09:13:36,NULL
153,8,71,NULL,0,Kolkata,INR,3620000,2900000,7.5,0,2021-01-20 15:45:37,2021-01-21 21:11:49,7.1
154,9,56,NULL,12,Mumbai,INR,2630000,2100000,7.0,1,2021-01-27 06:08:20,2021-01-28 12:45:15,NULL
155,8,131,NULL,0,Bangalore,INR,3880000,2720000,7.0,0,NULL,NULL,NULL
156,8,25,NULL,10,Bangalore,INR,3470000,2600000,7.5,1,NULL,NULL,NULL
157,8,89,NULL,0,United States,USD,40000,30000,8.0,0,2021-01-21 13:37:56,2021-01-23 02:21:04,NULL
158,8,269,NULL,0,United States,USD,50000,40000,0.0,1,NULL,NULL,NULL
159,9,142,NULL,0,Bangalore,INR,2720000,2310000,0.0,0,NULL,NULL,NULL
160,2,33,NULL,0,Chennai,INR,2730000,2460000,0.0,1,2021-01-14 07:19:17,2021-01-15 02:22:19,4.1
161,8,17,NULL,0,Mumbai,INR,3140000,2200000,8.5,0,NULL,NULL,NULL
162,8,106,NULL,0,Gurugram,INR,3480000,2780000,0.0,0,NULL,NULL,NULL
163,8,120,NULL,24,Chennai,INR,4540000,2950000,0.0,0,2021-01-14 21:02:45,2021-01-16 11:12:42,NULL
164,8,279,NULL,0,Bangalore,INR,3170000,2220000,8.0,1,2021-01-25 02:36:01,2021-01-26 10:55:44,4.1
165,8,239,NULL,0,Chennai,INR,2670000,1870000,0.0,1,2021-02-03 07:50:39,2021-02-04 23:32:44,NULL
166,1,118,NULL,0,Hyderabad,INR,2130000,1810000,0.0,0,2021-01-25 04:21:52,2021-01-27 15:53:06,NULL
167,9,31,NULL,0,Mumbai,INR,2560000,2180000,7.5,1,2021-01-10 09:10:24,2021-01-12 18:12:22,NULL
168,8,234,NULL,24,Bangalore,INR,4060000,3250000,6.5,1,2021-02-03 02:11:40,2021-02-04 20:58:56,NULL
169,9,66,NULL,0,Kolkata,INR,2550000,2170000,8.0,1,2021-01-11 03:27:54,2021-01-12 02:59:36,NULL
170,8,135,NULL,0,Hyderabad,INR,3040000,2430000,0.0,1,NULL,NULL,NULL
171,8,196,NULL,12,Gurugram,INR,4180000,2930000,7.5,1,2021-01-20 16:53:06,2021-01-22 22:43:52,NULL
172,1,225,NULL,0,Japan,JPY,4630000,3700000,0.0,1,2021-01-13 02:13:31,2021-01-14 03:53:10,NULL
173,8,63,NULL,0,Bangalore,INR,3650000,2740000,0.0,1,NULL,NULL,NULL
174,7,180,NULL,0,Chennai,INR,4720000,2830000,8.5,1,NULL,NULL,NULL
175,9,64,NULL,0,Japan,JPY,4710000,3770000,0.0,1,NULL,NULL,NULL
176,8,290,NULL,0,Chennai,INR,2860000,2000000,0.0,0,NULL,NULL,NULL
177,8,265,NULL,0,Kolkata,INR,3370000,2360000,8.0,0,2021-01-22 08:11:43,2021-01-23 19:51:28,1.1
178,9,211,NULL,0,Mumbai,INR,2710000,2440000,6.5,0,2021-01-17 02:58:24,2021-01-18 16:45:12,NULL
179,9,295,NULL,0,Gurugram,INR,2550000,2040000,0.0,0,2021-01-25 22:53:58,2021-01-27 08:36:59,NULL
180,8,93,NULL,10,Chennai,INR,5120000,3330000,6.5,1,NULL,NULL,NULL
181,9,360,NULL,0,Bangalore,INR,2490000,2240000,8.5,0,2021-01-24 18:07:19,2021-01-26 01:49:57,NULL
182,3,188,NULL,0,Mumbai,INR,3050000,2590000,0.0,1,NULL,NULL,NULL
183,6,178,NULL,0,Gurugram,INR,3270000,2130000,0.0,1,NULL,NULL,NULL
184,8,236,NULL,0,Japan,JPY,4370000,3060000,6.5,0,2021-01-13 06:41:24,2021-01-15 09:07:50,NULL
185,8,301,NULL,0,Gurugram,INR,2360000,1650000,0.0,0,2021-01-26 11:20:38,2021-01-27 09:10:10,NULL
186,11,135,NULL,0,Mumbai,INR,2540000,2030000,8.5,1,2021-01-28 06:03:37,2021-01-29 18:39:31,NULL
187,9,31,NULL,0,Bangalore,INR,2690000,2150000,7.5,0,NULL,NULL,NULL
188,8,72,NULL,0,United States,USD,60000,40000,7.5,1,2021-01-19 04:40:55,2021-01-20 21:44:08,NULL
189,1,160,NULL,0,Mumbai,INR,2870000,2300000,0.0,1,NULL,NULL,5.1
190,11,188,NULL,24,Hyderabad,INR,2360000,2120000,8.5,0,2021-02-03 13:36:36,2021-02-05 02:05:08,NULL
191,8,20,NULL,0,Mumbai,INR,3330000,2330000,0.0,1,2021-01-29 11:43:40,2021-01-31 00:08:14,NULL
192,8,103,NULL,24,Bangalore,INR,4290000,3000000,0.0,1,NULL,NULL,NULL
193,8,121,NULL,0,Hyderabad,INR,3820000,2860000,0.0,1,2021-01-23 09:19:30,2021-01-24 17:46:23,NULL
194,6,157,NULL,24,Chennai,INR,3670000,2390000,8.0,0,2021-01-10 19:42:35,2021-01-12 10:37:11,NULL
195,8,98,NULL,0,Hong Kong,HKD,360000,230000,6.5,0,2021-01-17 11:24:58,2021-01-18 19:18:13,NULL
196,8,135,NULL,0,Mumbai,INR,4780000,3580000,6.5,0,2021-01-21 19:00:22,2021-01-23 12:32:59,NULL
197,9,214,NULL,12,Mumbai,INR,2190000,1970000,0.0,1,2021-01-30 22:53:14,2021-02-01 19:24:29,NULL
198,1,209,NULL,10,Japan,JPY,3800000,3230000,0.0,1,2021-01-20 21:05:04,2021-01-22 22:13:04,1.2
199,8,101,NULL,10,Chennai,INR,5890000,4120000,0.0,0,2021-01-20 14:32:03,2021-01-21 04:58:36,NULL
200,9,139,NULL,0,Bangalore,INR,3210000,2730000,0.0,1,NULL,NULL,NULL
201,8,98,NULL,6,Hong Kong,HKD,410000,310000,7.5,0,2021-01-25 03:22:50,2021-01-26 16:45:36,NULL
202,8,307,NULL,0,Hyderabad,INR,3980000,3180000,0.0,1,2021-01-29 14:07:07,2021-01-31 09:33:13,3.1
203,8,169,NULL,6,Bangalore,INR,4230000,2960000,6.5,0,2021-01-29 17:13:12,2021-01-30 17:10:35,NULL
204,8,106,NULL,0,Chennai,INR,3320000,2320000,0.0,0,NULL,NULL,NULL
205,8,233,NULL,6,Bangalore,INR,4890000,3180000,0.0,1,2021-01-28 03:20:23,2021-01-29 10:06:07,NULL
206,6,22,NULL,0,Japan,JPY,5560000,3890000,0.0,0,2021-01-20 13:44:52,2021-01-21 23:26:13,NULL
207,8,212,NULL,0,United States,USD,50000,40000,0.0,1,2021-01-17 15:17:07,2021-01-18 16:55:18,NULL
208,9,29,NULL,0,Gurugram,INR,2760000,2480000,0.0,0,2021-01-11 21:59:27,2021-01-13 07:12:26,NULL
209,6,358,NULL,12,Japan,JPY,6510000,4230000,0.0,0,NULL,NULL,2.2
210,8,90,NULL,12,Kolkata,INR,3310000,2320000,0.0,1,2021-01-29 21:27:45,2021-01-31 11:39:21,NULL
211,8,353,NULL,0,Mumbai,INR,4390000,3290000,0.0,0,NULL,NULL,NULL
212,2,45,NULL,0,South Korea,KRW,44650000,40180000,0.0,1,2021-01-21 10:57:28,2021-01-23 14:24:55,NULL
213,8,316,NULL,0,Hyderabad,INR,3180000,2540000,0.0,0,2021-01-15 12:37:33,2021-01-17 12:55:14,NULL
214,9,13,NULL,0,Mumbai,INR,2890000,2600000,0.0,1,2021-01-19 12:35:20,2021-01-21 06:34:11,1.1
215,8,61,NULL,0,Kolkata,INR,2660000,2130000,0.0,0,2021-01-23 15:50:18,2021-01-25 12:53:22,NULL
216,7,221,NULL,0,Chennai,INR,4930000,2960000,7.0,0,NULL,NULL,1.1
217,8,38,NULL,0,Gurugram,INR,4510000,3380000,8.0,1,2021-01-10 09:54:20,2021-01-11 16:39:20,NULL
218,8,274,NULL,0,Chennai,INR,3630000,2540000,0.0,0,2021-01-13 04:26:00,2021-01-14 13:56:03,NULL
219,6,255,NULL,0,Bangalore,INR,3650000,2920000,8.0,1,2021-01-20 10:03:03,2021-01-21 06:58:54,NULL
220,8,197,NULL,6,South Korea,KRW,56970000,42730000,0.0,1,2021-01-13 02:29:23,2021-01-14 07:07:19,NULL
221,8,288,NULL,0,Chennai,INR,3010000,2410000,0.0,0,2021-01-17 08:48:45,2021-01-19 03:38:28,NULL
222,2,215,NULL,0,Gurugram,INR,2490000,1990000,8.0,1,NULL,NULL,NULL
223,8,127,NULL,0,Japan,JPY,7560000,4910000,0.0,0,2021-01-12 05:21:09,2021-01-13 13:11:54,NULL
224,8,222,NULL,0,Kolkata,INR,4680000,3510000,7.5,0,2021-01-23 10:58:53,2021-01-25 03:51:21,NULL
225,4,186,NULL,0,Chennai,INR,2170000,1950000,8.0,1,NULL,NULL,NULL
226,6,144,NULL,6,Kolkata,INR,2490000,1740000,0.0,0,2021-01-21 11:40:24,2021-01-22 13:49:30,NULL
227,9,51,NULL,0,Hyderabad,INR,3160000,2530000,6.5,1,NULL,NULL,NULL
228,6,226,NULL,0,Gurugram,INR,3160000,2210000,0.0,1,NULL,NULL,NULL
229,6,144,NULL,0,Mumbai,INR,4080000,2860000,8.0,1,NULL,NULL,NULL
230,8,313,NULL,0,Bangalore,INR,4190000,2930000,8.5,1,NULL,NULL,NULL
231,8,229,NULL,0,Bangalore,INR,2410000,1930000,7.0,0,2021-01-15 01:53:10,2021-01-15 06:57:31,NULL
232,8,3,NULL,0,Gurugram,INR,5620000,3930000,7.5,1,2021-02-02 17:43:27,2021-02-04 03:25:25,NULL
233,4,191,NULL,0,Mumbai,INR,1820000,1640000,8.0,0,2021-01-30 08:44:38,2021-01-31 16:54:53,NULL
234,1,99,NULL,0,Mumbai,INR,1610000,1450000,8.0,0,NULL,NULL,NULL
235,8,347,NULL,0,Gurugram,INR,5280000,3960000,7.5,0,NULL,NULL,NULL
236,2,45,NULL,6,South Korea,KRW,34820000,27860000,7.0,1,NULL,NULL,NULL
237,8,94,NULL,6,Mumbai,INR,4900000,3180000,0.0,0,2021-01-28 02:08:20,2021-01-29 12:20:34,NULL
238,2,34,NULL,0,Hyderabad,INR,2730000,2320000,0.0,1,NULL,NULL,NULL
239,9,219,NULL,10,Bangalore,INR,3240000,2590000,6.5,0,2021-01-29 18:19:42,2021-01-31 16:32:33,NULL
240,3,324,NULL,6,Chennai,INR,2700000,2300000,6.5,0,NULL,NULL,NULL
241,6,95,NULL,0,South Korea,KRW,66210000,43040000,0.0,1,2021-01-27 11:17:11,2021-01-29 06:26:09,3.1
242,8,292,NULL,0,Japan,JPY,5990000,4490000,0.0,1,2021-02-04 04:21:29,2021-02-05 22:04:31,NULL
243,9,35,NULL,0,Hyderabad,INR,2550000,2040000,7.5,0,2021-01-11 13:54:14,2021-01-12 21:12:58,NULL
244,7,24,NULL,0,Gurugram,INR,5310000,3190000,0.0,0,NULL,NULL,NULL
245,6,63,NULL,0,Bangalore,INR,3070000,2000000,0.0,1,2021-01-31 22:34:24,2021-02-03 15:51:12,NULL
246,9,73,NULL,12,Bangalore,INR,2390000,2030000,0.0,0,2021-01-22 07:11:44,2021-01-23 09:06:46,NULL
247,9,306,NULL,0,Hyderabad,INR,3210000,2570000,8.0,1,2021-01-31 13:38:57,2021-02-01 13:10:10,NULL
248,8,167,NULL,0,Hyderabad,INR,4370000,3060000,7.5,1,NULL,NULL,NULL
249,9,266,NULL,0,Bangalore,INR,2720000,2310000,0.0,0,2021-01-25 03:55:53,2021-01-27 02:55:08,1.1
250,8,144,NULL,24,Chennai,INR,3480000,2610000,8.0,1,NULL,NULL,NULL
251,8,266,NULL,0,Bangalore,INR,3000000,2250000,7.0,0,2021-02-01 01:57:14,2021-02-03 03:24:58,1.1
252,6,256,NULL,24,Chennai,INR,1940000,1460000,6.5,1,NULL,NULL,NULL
253,11,204,NULL,0,Hyderabad,INR,2780000,2220000,8.5,0,2021-01-28 06:16:59,2021-01-30 14:01:06,NULL
254,8,331,NULL,6,Kolkata,INR,5220000,3390000,8.0,0,NULL,NULL,NULL
255,6,217,NULL,0,Chennai,INR,3840000,2500000,0.0,1,NULL,NULL,2.1
256,6,334,NULL,0,Chennai,INR,3310000,2480000,0.0,0,NULL,NULL,NULL
257,6,266,NULL,0,Hyderabad,INR,3410000,2560000,0.0,0,2021-01-14 23:29:10,2021-01-16 17:01:25,1.1
258,4,195,NULL,0,Mumbai,INR,3110000,2800000,0.0,0,NULL,NULL,NULL
259,8,290,NULL,0,Chennai,INR,3090000,2160000,7.0,1,NULL,NULL,NULL
260,9,56,NULL,0,Kolkata,INR,2110000,1900000,0.0,1,NULL,NULL,NULL
261,8,357,NULL,0,Hyderabad,INR,4670000,3740000,0.0,1,2021-01-20 10:03:42,2021-01-21 11:19:22,NULL
262,9,95,NULL,0,South Korea,KRW,38410000,30730000,0.0,0,NULL,NULL,3.1
263,8,283,NULL,0,Bangalore,INR,3610000,2530000,0.0,0,NULL,NULL,NULL
264,8,6,NULL,0,Bangalore,INR,2280000,1820000,0.0,1,NULL,NULL,NULL
265,5,79,NULL,10,Mumbai,INR,1950000,1660000,0.0,0,NULL,NULL,NULL
266,2,148,NULL,0,Chennai,INR,2610000,2090000,0.0,0,2021-01-12 13:14:55,2021-01-14 12:32:47,NULL
267,8,106,NULL,0,Kolkata,INR,4000000,2600000,0.0,0,2021-01-15 03:22:49,2021-01-15 04:41:52,NULL
268,8,355,NULL,0,Gurugram,INR,4420000,3320000,0.0,1,2021-01-20 06:38:41,2021-01-20 22:43:25,2.1
269,7,15,NULL,0,Hyderabad,INR,4990000,3240000,7.0,1,2021-01-28 19:58:22,2021-01-30 15:33:52,NULL
270,9,10,NULL,0,Hyderabad,INR,3640000,3280000,0.0,1,2021-02-02 14:26:44,2021-02-04 13:07:35,NULL
271,8,304,NULL,0,Bangalore,INR,3820000,2670000,0.0,0,2021-02-03 12:51:43,2021-02-04 19:16:30,1.2
272,9,354,NULL,0,Bangalore,INR,3460000,3110000,8.5,0,NULL,NULL,NULL
273,2,45,NULL,0,South Korea,KRW,48240000,41000000,0.0,0,2021-01-27 01:52:40,2021-01-27 22:43:11,NULL
274,11,135,NULL,0,Bangalore,INR,2950000,2360000,6.5,0,2021-01-16 09:12:27,2021-01-18 08:45:18,NULL
275,9,56,NULL,0,Bangalore,INR,2820000,2400000,8.5,1,2021-01-29 10:42:20,2021-01-31 03:09:08,NULL
276,8,335,NULL,0,Chennai,INR,2710000,2030000,8.5,1,2021-01-13 13:35:04,2021-01-14 06:31:05,NULL
277,6,292,NULL,0,Japan,JPY,7310000,5850000,0.0,1,2021-01-28 16:35:40,2021-01-30 00:59:26,NULL
278,8,304,NULL,24,Kolkata,INR,5030000,3770000,7.5,1,NULL,NULL,1.2
279,8,266,NULL,6,Mumbai,INR,3950000,2760000,0.0,0,2021-01-20 11:28:40,2021-01-21 22:00:02,1.1
280,1,200,NULL,12,Hyderabad,INR,3190000,2710000,0.0,0,NULL,NULL,NULL
281,8,81,NULL,0,Mumbai,INR,3100000,2320000,0.0,1,NULL,NULL,NULL
282,11,350,NULL,0,Chennai,INR,2840000,2560000,7.5,0,2021-01-17 01:17:20,2021-01-18 19:29:19,NULL
283,9,119,NULL,0,Gurugram,INR,1810000,1540000,0.0,0,2021-01-31 01:29:14,2021-02-02 08:27:42,NULL
284,8,336,NULL,12,Gurugram,INR,2900000,2030000,0.0,0,2021-01-28 18:02:29,2021-01-31 06:01:25,NULL
285,8,245,NULL,24,South Korea,KRW,58990000,41290000,6.5,1,2021-01-25 12:45:45,2021-01-28 07:09:57,NULL
286,8,141,NULL,24,Kolkata,INR,3210000,2250000,8.0,1,2021-01-20 08:03:35,2021-01-21 14:42:03,NULL
287,8,120,NULL,0,Bangalore,INR,4140000,2690000,7.0,0,NULL,NULL,NULL
288,8,343,NULL,24,Kolkata,INR,5450000,3810000,0.0,1,NULL,NULL,NULL
289,6,315,NULL,0,Gurugram,INR,4160000,3120000,0.0,0,2021-01-26 15:13:00,2021-01-28 07:50:14,NULL
290,8,287,NULL,0,Hong Kong,HKD,450000,320000,0.0,0,2021-01-16 21:52:02,2021-01-18 22:47:19,NULL
291,7,267,NULL,0,Kolkata,INR,6730000,4710000,8.0,1,NULL,NULL,NULL
292,9,13,NULL,0,Mumbai,INR,2810000,2250000,0.0,0,2021-01-16 11:17:36,2021-01-17 23:31:44,1.1
293,8,167,NULL,12,Hyderabad,INR,2910000,2180000,0.0,0,2021-01-18 13:13:57,2021-01-20 06:29:30,NULL
294,4,235,NULL,0,Gurugram,INR,2100000,1680000,8.5,0,2021-01-11 05:30:28,2021-01-12 06:55:31,NULL
295,2,128,NULL,0,Mumbai,INR,2450000,1960000,6.5,0,NULL,NULL,1.1
296,6,160,NULL,0,Chennai,INR,4120000,3090000,0.0,1,NULL,NULL,5.1
297,8,178,NULL,12,Gurugram,INR,5010000,3510000,7.0,0,NULL,NULL,NULL
298,8,248,NULL,0,Bangalore,INR,4560000,3420000,0.0,1,NULL,NULL,NULL
299,7,223,NULL,0,Mumbai,INR,4410000,2870000,8.5,0,2021-01-21 02:56:52,2021-01-22 19:01:50,1.2
300,3,318,NULL,10,Bangalore,INR,2620000,2230000,0.0,0,NULL,NULL,4.1
301,6,355,NULL,12,Chennai,INR,3590000,2870000,0.0,1,NULL,NULL,2.1
302,8,203,NULL,0,Gurugram,INR,3500000,2450000,7.5,0,NULL,NULL,NULL
303,6,62,NULL,0,Hyderabad,INR,4170000,3340000,7.5,1,NULL,NULL,3.1
304,8,137,NULL,0,Bangalore,INR,3160000,2530000,0.0,1,2021-01-21 18:27:50,2021-01-22 22:50:52,NULL
305,8,293,NULL,0,Hyderabad,INR,3650000,2920000,0.0,1,2021-02-03 13:08:50,2021-02-04 18:03:46,3.2
306,8,266,NULL,0,Kolkata,INR,3470000,2780000,6.5,1,NULL,NULL,1.1
307,8,269,NULL,0,United States,USD,60000,40000,0.0,1,2021-01-24 14:19:28,2021-01-26 23:08:46,NULL
308,8,135,NULL,0,Bangalore,INR,4450000,3560000,0.0,1,2021-01-28 23:46:55,2021-01-30 20:02:48,NULL
309,3,352,NULL,0,United States,USD,40000,30000,0.0,1,2021-01-28 11:09:45,2021-01-30 20:29:43,NULL
310,6,144,NULL,6,Kolkata,INR,2760000,2210000,0.0,0,NULL,NULL,NULL
311,9,288,NULL,0,Hyderabad,INR,1950000,1760000,6.5,1,NULL,NULL,NULL
312,4,237,NULL,0,Japan,JPY,3940000,3150000,0.0,1,NULL,NULL,NULL
313,4,235,NULL,0,Gurugram,INR,2460000,2090000,7.5,0,NULL,NULL,NULL
314,8,304,NULL,0,Bangalore,INR,2890000,2170000,6.5,0,2021-01-16 09:28:15,2021-01-17 19:04:25,1.2
315,2,243,NULL,0,Gurugram,INR,2640000,2240000,0.0,0,NULL,NULL,3.2
316,5,223,NULL,0,Mumbai,INR,2970000,2670000,6.5,1,NULL,NULL,1.2
317,3,161,NULL,24,Gurugram,INR,2290000,1830000,6.5,1,2021-01-17 07:57:15,2021-01-18 14:20:24,NULL
318,8,248,NULL,0,Mumbai,INR,4200000,2730000,0.0,0,2021-01-11 11:09:07,2021-01-13 07:35:49,NULL
319,1,202,NULL,6,Kolkata,INR,2570000,2180000,0.0,1,NULL,NULL,3.2
320,9,325,NULL,0,Hong Kong,HKD,240000,200000,7.5,1,2021-01-31 07:53:32,2021-02-01 18:55:30,1.1
321,2,75,NULL,0,Bangalore,INR,2750000,2200000,8.5,1,2021-01-30 09:40:07,2021-01-31 16:55:39,NULL
322,8,91,NULL,0,Chennai,INR,4020000,3220000,0.0,0,2021-01-19 01:35:58,2021-01-20 01:29:28,NULL
323,9,56,NULL,0,Bangalore,INR,2230000,1780000,7.0,0,2021-01-17 05:07:25,2021-01-19 02:06:18,NULL
324,8,3,NULL,10,Kolkata,INR,2670000,2140000,7.0,0,2021-01-16 11:03:14,2021-01-17 17:10:22,NULL
325,1,154,NULL,12,Chennai,INR,2770000,2350000,0.0,1,NULL,NULL,NULL
326,1,152,NULL,12,Hyderabad,INR,2490000,1990000,8.0,0,2021-01-26 16:22:16,2021-01-29 10:20:15,NULL
327,1,42,NULL,0,Japan,JPY,5660000,5090000,6.5,1,NULL,NULL,1.1
328,9,266,NULL,0,Hyderabad,INR,3360000,2690000,8.0,0,NULL,NULL,1.1
329,8,15,NULL,0,Hyderabad,INR,3740000,2800000,0.0,0,NULL,NULL,NULL
330,2,123,NULL,0,Gurugram,INR,2570000,2310000,7.5,0,NULL,NULL,NULL
331,7,131,NULL,0,Hyderabad,INR,4970000,3230000,6.5,1,2021-01-18 11:43:33,2021-01-20 04:55:08,NULL
332,4,321,NULL,24,Mumbai,INR,3040000,2740000,7.0,1,NULL,NULL,3.2
333,8,243,NULL,0,Gurugram,INR,1210000,970000,7.0,0,NULL,NULL,3.2
334,8,159,NULL,0,United States,USD,60000,50000,6.5,1,2021-01-16 11:31:58,2021-01-16 23:45:09,NULL
335,9,266,NULL,0,Gurugram,INR,1940000,1750000,8.0,0,2021-02-01 23:33:53,2021-02-03 17:57:14,1.1
336,8,123,NULL,0,Chennai,INR,1950000,1460000,0.0,0,NULL,NULL,NULL
337,9,64,NULL,0,Japan,JPY,4750000,4040000,0.0,0,NULL,NULL,NULL
338,8,251,NULL,0,Chennai,INR,3000000,2250000,7.0,1,NULL,NULL,NULL
339,6,305,NULL,0,South Korea,KRW,57260000,40080000,8.0,1,2021-02-01 19:17:57,2021-02-02 12:44:30,NULL
340,6,194,NULL,0,Mumbai,INR,3110000,2180000,0.0,0,2021-01-31 12:35:38,2021-02-01 23:38:32,NULL
341,8,219,NULL,6,Mumbai,INR,3650000,2560000,7.5,0,NULL,NULL,NULL
342,8,304,NULL,0,Hyderabad,INR,3740000,2620000,7.0,1,2021-01-20 22:35:08,2021-01-22 01:40:01,1.2
343,8,98,NULL,0,Hong Kong,HKD,330000,210000,0.0,1,2021-01-24 02:37:58,2021-01-24 15:56:30,NULL
344,8,129,NULL,24,Mumbai,INR,3520000,2290000,7.0,0,NULL,NULL,NULL
345,3,284,NULL,0,Mumbai,INR,1940000,1750000,0.0,0,2021-01-26 23:39:22,2021-01-29 02:05:53,NULL
346,8,266,NULL,10,Kolkata,INR,3200000,2240000,0.0,1,2021-01-25 01:52:22,2021-01-26 03:32:53,1.1
347,8,313,NULL,0,Bangalore,INR,2940000,2200000,6.5,1,2021-01-19 11:33:11,2021-01-21 19:10:34,NULL
348,8,182,NULL,0,Japan,JPY,5920000,3850000,7.5,0,NULL,NULL,NULL
349,8,290,NULL,0,Gurugram,INR,4320000,3020000,0.0,0,2021-02-02 10:54:52,2021-02-03 17:28:37,NULL
350,8,302,NULL,0,Bangalore,INR,3690000,2400000,0.0,1,NULL,NULL,NULL
351,8,283,NULL,0,Mumbai,INR,2900000,2030000,0.0,1,NULL,NULL,NULL
352,8,168,NULL,10,Kolkata,INR,3130000,2350000,0.0,0,NULL,NULL,NULL
353,8,168,NULL,12,Gurugram,INR,3850000,2500000,6.5,1,2021-01-14 23:38:22,2021-01-16 02:48:56,NULL
354,8,246,NULL,10,Kolkata,INR,3320000,2160000,0.0,0,2021-01-30 18:39:48,2021-02-01 14:30:25,NULL
355,6,237,NULL,0,Japan,JPY,6470000,5180000,0.0,0,NULL,NULL,NULL
356,6,199,NULL,0,Gurugram,INR,4370000,3060000,7.0,1,NULL,NULL,NULL
357,9,56,NULL,0,Hyderabad,INR,3160000,2530000,7.5,1,2021-01-16 03:02:37,2021-01-18 03:36:34,NULL
358,9,119,NULL,0,Gurugram,INR,2110000,1690000,7.0,1,2021-02-01 10:40:36,2021-02-03 01:31:22,NULL
359,2,277,NULL,0,Chennai,INR,2470000,2220000,8.5,0,NULL,NULL,NULL
360,9,95,NULL,12,South Korea,KRW,49260000,39410000,6.5,1,NULL,NULL,3.1
361,1,50,NULL,0,Bangalore,INR,2930000,2340000,7.0,1,NULL,NULL,1.1
362,2,16,NULL,0,Chennai,INR,2310000,1960000,8.5,0,2021-01-28 00:21:18,2021-01-29 01:52:40,NULL
363,8,120,NULL,0,Kolkata,INR,2600000,1950000,8.5,0,2021-01-30 07:41:18,2021-02-01 03:01:19,NULL
364,6,202,NULL,0,Bangalore,INR,4300000,3010000,7.5,1,2021-01-30 05:09:24,2021-01-31 19:50:37,3.2
365,2,7,NULL,0,Gurugram,INR,2750000,2200000,7.0,0,NULL,NULL,4.1
366,9,13,NULL,0,Gurugram,INR,2620000,2230000,0.0,0,2021-01-25 23:58:58,2021-01-28 07:15:27,1.1
367,8,19,NULL,24,Chennai,INR,4180000,2720000,0.0,1,2021-01-29 03:02:12,2021-01-31 01:15:18,NULL
368,9,144,NULL,0,Hyderabad,INR,2680000,2140000,0.0,1,NULL,NULL,NULL
369,2,84,NULL,0,South Korea,KRW,30840000,27760000,0.0,0,2021-01-27 00:10:49,2021-01-28 01:55:26,NULL
370,8,49,NULL,0,Chennai,INR,3640000,2370000,8.0,1,2021-01-26 10:24:58,2021-01-27 20:57:09,NULL
371,9,142,NULL,10,Chennai,INR,2380000,2020000,6.5,1,2021-01-29 09:12:39,2021-01-30 15:00:38,NULL
372,6,96,NULL,0,Mumbai,INR,2850000,1990000,0.0,0,NULL,NULL,NULL
373,8,360,NULL,0,Bangalore,INR,3900000,2920000,0.0,1,NULL,NULL,NULL
374,6,327,NULL,0,Bangalore,INR,3520000,2460000,7.0,1,2021-01-20 12:19:17,2021-01-22 05:20:28,NULL
375,8,218,NULL,6,Hyderabad,INR,3750000,3000000,7.0,0,2021-02-01 08:34:26,2021-02-03 06:27:36,NULL
376,8,46,NULL,6,Bangalore,INR,2980000,2240000,0.0,1,2021-01-29 07:55:32,2021-01-30 01:42:33,NULL
377,6,209,NULL,0,Japan,JPY,4390000,3290000,6.5,1,2021-01-22 16:17:24,2021-01-23 10:57:18,1.2
378,6,183,NULL,0,Mumbai,INR,2060000,1340000,8.5,0,2021-02-02 16:10:25,2021-02-04 11:41:32,NULL
379,8,149,NULL,0,Gurugram,INR,3550000,2310000,8.0,0,NULL,NULL,NULL
380,8,220,NULL,0,United States,USD,60000,40000,8.5,0,2021-02-01 11:39:00,2021-02-02 19:57:46,NULL
381,1,97,NULL,0,Chennai,INR,2950000,2510000,0.0,0,NULL,NULL,2.2
382,6,316,NULL,0,Bangalore,INR,3800000,2660000,7.0,0,2021-01-20 16:23:09,2021-01-23 12:51:45,NULL
383,1,193,NULL,0,Hyderabad,INR,2600000,2340000,0.0,0,NULL,NULL,NULL
384,8,145,NULL,0,Bangalore,INR,4700000,3060000,7.5,1,2021-01-23 08:13:20,2021-01-24 11:32:38,NULL
385,4,133,NULL,6,Hyderabad,INR,2390000,2030000,0.0,1,NULL,NULL,2.1
386,8,248,NULL,0,Chennai,INR,3930000,3140000,0.0,1,NULL,NULL,NULL
387,8,176,NULL,12,Chennai,INR,1350000,880000,7.5,0,NULL,NULL,NULL
388,7,267,NULL,0,Bangalore,INR,4170000,2500000,0.0,1,2021-01-30 02:33:20,2021-02-01 01:41:47,NULL
389,8,283,NULL,0,Gurugram,INR,2100000,1580000,0.0,1,NULL,NULL,NULL
390,3,67,NULL,0,Kolkata,INR,3350000,3020000,0.0,0,2021-01-18 01:57:45,2021-01-19 02:52:01,NULL
391,9,56,NULL,10,Chennai,INR,1140000,1030000,8.0,1,2021-01-21 11:08:49,2021-01-23 02:37:07,NULL
392,8,96,NULL,6,Gurugram,INR,3650000,2370000,0.0,0,NULL,NULL,NULL
393,6,342,NULL,10,Kolkata,INR,3940000,2560000,0.0,1,NULL,NULL,NULL
394,9,13,NULL,0,Hyderabad,INR,2270000,1930000,0.0,1,2021-01-15 12:27:12,2021-01-16 18:46:12,1.1
395,6,181,NULL,0,Gurugram,INR,3920000,2740000,0.0,1,NULL,NULL,NULL
396,8,165,NULL,6,Chennai,INR,3460000,2420000,0.0,0,2021-01-11 10:03:48,2021-01-12 07:54:23,NULL
397,5,47,NULL,12,Japan,JPY,2660000,2130000,0.0,0,NULL,NULL,1.1
398,4,227,NULL,0,Japan,JPY,4530000,4080000,7.5,0,NULL,NULL,NULL
399,9,144,NULL,0,Gurugram,INR,1980000,1680000,7.0,1,2021-01-24 08:13:54,2021-01-25 02:11:26,NULL
400,8,283,NULL,0,Mumbai,INR,2450000,1960000,7.5,1,2021-01-14 14:39:08,2021-01-16 01:34:32,NULL
401,8,125,NULL,0,Hong Kong,HKD,270000,200000,0.0,0,NULL,NULL,NULL
402,4,235,NULL,0,Chennai,INR,2250000,1800000,7.0,1,2021-02-04 05:37:26,2021-02-05 22:11:53,NULL
403,8,257,NULL,10,Mumbai,INR,4020000,3020000,0.0,0,NULL,NULL,NULL
404,8,239,NULL,24,Hyderabad,INR,3820000,3060000,0.0,0,NULL,NULL,NULL
405,8,48,NULL,0,Chennai,INR,2850000,1990000,8.0,0,2021-01-19 15:02:56,2021-01-22 05:35:26,NULL
406,8,63,NULL,0,Chennai,INR,3670000,2750000,6.5,1,2021-02-01 14:23:17,2021-02-02 19:19:17,NULL
407,8,153,NULL,0,Chennai,INR,4600000,3450000,0.0,1,NULL,NULL,NULL
408,8,126,NULL,0,Kolkata,INR,4340000,3260000,8.5,1,NULL,NULL,10.1
409,8,176,NULL,0,Bangalore,INR,4370000,2840000,0.0,0,2021-01-19 20:18:37,2021-01-21 12:18:52,NULL
410,8,4,NULL,0,Gurugram,INR,4140000,2900000,0.0,1,2021-01-27 13:45:52,2021-01-28 21:46:50,NULL
411,8,87,NULL,24,South Korea,KRW,49960000,37470000,0.0,1,2021-01-22 13:02:31,2021-01-24 00:07:11,NULL
412,1,317,NULL,0,Chennai,INR,2320000,2090000,0.0,0,2021-01-13 12:19:00,2021-01-14 16:01:03,NULL
413,8,109,NULL,6,Hyderabad,INR,3020000,2110000,7.5,0,NULL,NULL,NULL
414,2,135,NULL,0,Chennai,INR,2380000,1900000,7.0,0,2021-01-20 13:08:28,2021-01-22 09:11:42,NULL
415,6,162,NULL,24,Chennai,INR,3130000,2190000,8.0,0,NULL,NULL,NULL
416,11,164,NULL,0,Hyderabad,INR,2120000,1800000,6.5,0,2021-01-25 05:55:05,2021-01-26 22:11:32,NULL
417,9,56,NULL,0,Kolkata,INR,3050000,2440000,0.0,1,2021-01-11 22:12:57,2021-01-13 18:51:44,NULL
418,3,2,NULL,0,Gurugram,INR,1980000,1680000,0.0,1,NULL,NULL,NULL
419,8,266,NULL,24,Gurugram,INR,5300000,3710000,0.0,1,NULL,NULL,1.1
420,8,344,NULL,0,Bangalore,INR,2960000,2220000,7.5,0,NULL,NULL,NULL
421,6,153,NULL,0,Gurugram,INR,3340000,2670000,7.0,0,2021-01-30 04:46:57,2021-01-31 08:24:55,NULL
422,6,324,NULL,10,Kolkata,INR,3890000,2920000,0.0,1,NULL,NULL,NULL
423,2,321,NULL,0,Kolkata,INR,1850000,1480000,7.0,1,NULL,NULL,3.2
424,8,338,NULL,0,Hyderabad,INR,3250000,2440000,0.0,0,NULL,NULL,NULL
425,3,326,NULL,6,Japan,JPY,5230000,4710000,0.0,1,NULL,NULL,NULL
426,9,305,NULL,6,South Korea,KRW,58050000,46440000,0.0,0,2021-01-11 05:03:03,2021-01-12 15:05:49,NULL
427,6,220,NULL,0,United States,USD,40000,30000,0.0,1,NULL,NULL,NULL
428,11,193,NULL,0,Bangalore,INR,2760000,2480000,8.0,0,2021-01-24 09:45:11,2021-01-25 11:40:26,NULL
429,11,249,NULL,0,Chennai,INR,2400000,2040000,8.5,0,2021-01-30 16:38:29,2021-01-31 16:19:45,2.1
430,8,167,NULL,0,Hyderabad,INR,3060000,1990000,0.0,0,2021-01-21 12:40:42,2021-01-23 12:45:40,NULL
431,11,151,NULL,0,Hyderabad,INR,1920000,1540000,8.5,0,2021-01-24 22:54:58,2021-01-26 21:26:25,NULL
432,1,154,NULL,12,Bangalore,INR,1960000,1670000,0.0,1,NULL,NULL,NULL
433,3,143,NULL,0,Chennai,INR,3090000,2470000,0.0,1,2021-01-16 02:25:04,2021-01-17 13:55:44,1.1
434,6,243,NULL,0,Bangalore,INR,3860000,2900000,8.0,1,NULL,NULL,3.2
435,6,296,NULL,0,Chennai,INR,4380000,3500000,8.0,0,2021-02-01 19:31:07,2021-02-03 02:26:57,NULL
436,8,324,NULL,12,Bangalore,INR,3320000,2320000,8.0,1,2021-01-19 23:57:50,2021-01-21 18:21:05,NULL
437,8,216,NULL,0,Mumbai,INR,3920000,2740000,0.0,0,NULL,NULL,NULL
438,9,226,NULL,0,Bangalore,INR,2790000,2370000,0.0,1,NULL,NULL,NULL
439,9,56,NULL,0,Hyderabad,INR,2570000,2060000,0.0,0,NULL,NULL,NULL
440,7,260,NULL,10,Mumbai,INR,3870000,2320000,0.0,0,2021-01-18 11:05:06,2021-01-19 17:32:29,2.2
441,8,337,NULL,0,Japan,JPY,4640000,3480000,0.0,1,NULL,NULL,1.1
442,8,52,NULL,0,Chennai,INR,2930000,2200000,0.0,0,2021-01-31 07:28:45,2021-02-02 07:34:45,NULL
443,3,348,NULL,12,Kolkata,INR,2100000,1680000,0.0,0,NULL,NULL,NULL
444,4,190,NULL,10,Kolkata,INR,1990000,1590000,0.0,1,NULL,NULL,NULL
445,8,63,NULL,10,Chennai,INR,3720000,2790000,0.0,1,NULL,NULL,NULL
446,3,5,NULL,6,South Korea,KRW,46240000,39300000,8.5,1,2021-02-03 18:05:55,2021-02-04 20:59:26,2.1
447,3,253,NULL,0,Mumbai,INR,2020000,1720000,0.0,0,2021-01-21 16:10:03,2021-01-22 21:36:14,NULL
448,1,209,NULL,0,Japan,JPY,5280000,4490000,0.0,0,NULL,NULL,1.2
449,8,276,NULL,0,Bangalore,INR,4060000,2840000,0.0,0,NULL,NULL,NULL
450,9,119,NULL,0,Hyderabad,INR,2770000,2220000,0.0,0,NULL,NULL,NULL
451,8,205,NULL,24,Chennai,INR,3590000,2870000,8.0,1,2021-02-02 03:58:22,2021-02-04 00:14:33,NULL
452,6,168,NULL,0,Chennai,INR,3080000,2160000,0.0,0,2021-01-17 13:51:59,2021-01-19 07:21:28,NULL
453,8,58,NULL,0,Bangalore,INR,3310000,2320000,0.0,1,NULL,NULL,NULL
454,2,45,NULL,0,South Korea,KRW,38470000,34620000,0.0,1,2021-01-11 15:26:17,2021-01-14 01:34:02,NULL
455,8,283,NULL,0,Hyderabad,INR,3960000,2970000,7.5,0,NULL,NULL,NULL
456,8,349,NULL,0,Chennai,INR,4470000,3580000,8.0,0,NULL,NULL,NULL
457,3,352,NULL,0,United States,USD,40000,30000,0.0,1,NULL,NULL,NULL
458,8,100,NULL,10,Kolkata,INR,3940000,3150000,7.0,0,NULL,NULL,NULL
459,8,157,NULL,24,Gurugram,INR,4720000,3070000,0.0,0,NULL,NULL,NULL
460,6,48,NULL,0,Gurugram,INR,3880000,2520000,7.0,1,NULL,NULL,NULL
461,9,300,NULL,0,Kolkata,INR,2370000,1900000,7.5,0,2021-01-20 15:59:08,2021-01-22 17:53:20,NULL
462,2,177,NULL,12,Mumbai,INR,2460000,2210000,0.0,1,NULL,NULL,NULL
463,8,157,NULL,24,Mumbai,INR,3270000,2130000,7.5,0,NULL,NULL,NULL
464,9,36,NULL,0,Bangalore,INR,2300000,1960000,8.5,1,2021-01-25 19:29:25,2021-01-27 17:05:06,NULL
465,8,236,NULL,0,Japan,JPY,8820000,6620000,0.0,1,NULL,NULL,NULL
466,3,173,NULL,0,Chennai,INR,2550000,2300000,8.0,1,NULL,NULL,NULL
467,8,106,NULL,0,Hyderabad,INR,3810000,3050000,8.5,0,NULL,NULL,NULL
468,3,324,NULL,0,Gurugram,INR,1360000,1220000,7.0,0,2021-01-18 20:25:38,2021-01-20 02:31:18,NULL
469,9,73,NULL,0,Chennai,INR,2610000,2350000,8.5,0,NULL,NULL,NULL
470,9,214,NULL,0,Mumbai,INR,2640000,2380000,0.0,0,NULL,NULL,NULL
471,6,156,NULL,0,Chennai,INR,2910000,2330000,0.0,1,2021-01-16 08:22:52,2021-01-18 08:52:07,NULL
472,8,74,NULL,24,Mumbai,INR,4550000,3640000,8.0,0,NULL,NULL,NULL
473,4,319,NULL,12,Hyderabad,INR,2420000,2180000,0.0,1,NULL,NULL,NULL
474,4,222,NULL,0,Hyderabad,INR,2790000,2230000,0.0,0,NULL,NULL,NULL
475,7,115,NULL,0,Japan,JPY,7820000,5080000,0.0,1,NULL,NULL,NULL
476,9,243,NULL,0,Chennai,INR,2850000,2280000,7.5,0,2021-02-03 15:45:12,2021-02-04 16:30:09,3.2
477,8,340,NULL,0,Kolkata,INR,4070000,2850000,0.0,0,2021-01-10 15:46:27,2021-01-12 00:26:50,NULL
478,11,243,NULL,0,Gurugram,INR,2430000,2190000,0.0,1,NULL,NULL,3.2
479,8,227,NULL,0,Japan,JPY,6960000,5220000,0.0,0,NULL,NULL,NULL
480,11,341,NULL,6,Mumbai,INR,2520000,2140000,8.5,0,2021-01-19 22:13:20,2021-01-21 11:48:57,NULL
481,4,134,NULL,0,Bangalore,INR,1760000,1580000,0.0,1,NULL,NULL,NULL
482,8,112,NULL,0,Gurugram,INR,3280000,2130000,0.0,0,NULL,NULL,NULL
483,2,80,NULL,24,Mumbai,INR,2420000,2060000,7.0,0,2021-01-18 22:53:03,2021-01-20 17:30:06,1.2
484,1,110,NULL,0,Bangalore,INR,2710000,2440000,0.0,1,2021-02-01 23:19:54,2021-02-03 10:42:05,NULL
485,6,158,NULL,0,Mumbai,INR,3550000,2840000,0.0,1,2021-02-01 05:25:21,2021-02-03 13:59:14,NULL
486,3,297,NULL,0,Chennai,INR,2700000,2160000,7.0,1,2021-01-22 20:12:12,2021-01-24 05:25:10,NULL
487,9,13,NULL,12,Kolkata,INR,3080000,2620000,0.0,1,NULL,NULL,1.1
488,8,316,NULL,0,Hyderabad,INR,4680000,3740000,8.0,1,NULL,NULL,NULL
489,3,82,NULL,12,Chennai,INR,2970000,2520000,0.0,0,2021-02-03 03:46:58,2021-02-04 13:53:12,NULL
490,8,240,NULL,12,Chennai,INR,1900000,1520000,8.0,0,2021-01-19 11:52:03,2021-01-20 19:20:14,NULL
491,8,303,NULL,6,Bangalore,INR,3840000,2880000,0.0,0,2021-02-02 02:53:31,2021-02-03 12:49:59,NULL
492,8,127,NULL,0,Japan,JPY,5890000,4710000,0.0,0,2021-01-25 07:53:29,2021-01-26 15:52:42,NULL
493,2,122,NULL,0,Japan,JPY,4250000,3400000,7.0,0,NULL,NULL,NULL
494,1,250,NULL,0,Mumbai,INR,2380000,2020000,0.0,0,2021-01-20 12:46:55,2021-01-21 10:59:29,NULL
495,8,116,NULL,0,Kolkata,INR,4730000,3550000,0.0,0,2021-01-28 02:36:05,2021-01-29 07:07:09,NULL
496,4,153,NULL,0,Kolkata,INR,2240000,1900000,0.0,0,2021-01-22 08:18:18,2021-01-23 19:07:35,NULL
497,8,102,NULL,0,Chennai,INR,4480000,3140000,7.0,1,NULL,NULL,NULL
498,8,266,NULL,0,Kolkata,INR,3520000,2290000,6.5,1,NULL,NULL,1.1
499,8,280,NULL,0,Bangalore,INR,5370000,4030000,7.0,0,2021-01-23 23:14:22,2021-01-25 22:50:18,NULL
500,9,56,NULL,0,Mumbai,INR,2390000,2030000,0.0,0,2021-01-27 21:24:11,2021-01-29 20:40:48,NULL
501,8,272,NULL,0,Hyderabad,INR,5020000,3260000,8.0,1,NULL,NULL,NULL
502,11,165,NULL,0,Mumbai,INR,2610000,2090000,0.0,1,2021-01-25 09:35:29,2021-01-26 23:18:01,NULL
503,8,74,NULL,0,Chennai,INR,3150000,2200000,7.0,0,NULL,NULL,NULL
504,11,30,NULL,0,Mumbai,INR,2140000,1820000,0.0,1,2021-01-17 06:04:12,2021-01-18 11:26:06,NULL
505,6,292,NULL,6,Japan,JPY,5450000,4090000,7.5,0,2021-01-22 20:03:45,2021-01-23 21:16:16,NULL
506,8,74,NULL,0,Hyderabad,INR,3160000,2530000,0.0,0,NULL,NULL,NULL
507,8,316,NULL,0,Bangalore,INR,2310000,1730000,0.0,0,2021-01-24 00:54:11,2021-01-25 05:53:42,NULL
508,2,105,NULL,6,Chennai,INR,2520000,2270000,0.0,0,NULL,NULL,NULL
509,8,130,NULL,0,Mumbai,INR,2410000,1930000,8.0,0,2021-02-03 10:47:50,2021-02-05 02:59:02,NULL
510,8,316,NULL,0,Hyderabad,INR,3050000,2440000,0.0,1,2021-01-29 12:13:27,2021-01-31 12:05:25,NULL
511,8,100,NULL,10,Kolkata,INR,4200000,3360000,8.0,0,2021-01-11 22:20:18,2021-01-13 01:17:22,NULL
512,6,123,NULL,0,Mumbai,INR,3920000,3140000,0.0,0,NULL,NULL,NULL
513,11,129,NULL,0,Mumbai,INR,2830000,2410000,0.0,1,2021-01-28 12:42:33,2021-01-30 03:17:15,NULL
514,6,104,NULL,0,United States,USD,50000,40000,6.5,1,NULL,NULL,NULL
515,8,272,NULL,0,Hyderabad,INR,4160000,3330000,8.0,1,NULL,NULL,NULL
516,8,183,NULL,10,Bangalore,INR,3030000,2120000,0.0,0,NULL,NULL,NULL
517,8,304,NULL,0,Kolkata,INR,3770000,2640000,0.0,1,NULL,NULL,1.2
518,8,260,NULL,0,Bangalore,INR,3360000,2350000,7.5,1,NULL,NULL,2.2
519,6,251,NULL,12,Mumbai,INR,2790000,2230000,6.5,0,NULL,NULL,NULL
520,8,157,NULL,0,Hyderabad,INR,4420000,3540000,8.5,0,NULL,NULL,NULL
521,3,297,NULL,0,Kolkata,INR,2900000,2460000,8.0,0,2021-01-31 11:43:26,2021-02-01 18:51:40,NULL
522,8,95,NULL,6,South Korea,KRW,27770000,18050000,0.0,1,2021-01-15 20:34:49,2021-01-17 17:56:09,3.1
523,8,328,NULL,0,Kolkata,INR,3930000,3140000,8.0,1,2021-01-17 10:23:18,2021-01-19 05:56:46,NULL
524,8,65,NULL,0,Hong Kong,HKD,270000,190000,0.0,1,2021-01-14 07:38:51,2021-01-16 13:50:59,NULL
525,8,319,NULL,0,Hyderabad,INR,5100000,3820000,6.5,0,2021-02-02 12:26:45,2021-02-04 02:28:13,NULL
526,2,99,NULL,0,Hyderabad,INR,2640000,2110000,0.0,0,2021-01-22 22:31:57,2021-01-23 19:05:42,NULL
527,9,90,NULL,12,Kolkata,INR,3040000,2430000,6.5,0,2021-01-25 23:27:20,2021-01-27 07:53:23,NULL
528,3,320,NULL,24,Hyderabad,INR,2350000,1880000,0.0,0,2021-01-20 13:47:27,2021-01-21 21:19:57,NULL
529,8,285,NULL,0,Kolkata,INR,2810000,1830000,0.0,0,2021-01-28 05:28:21,2021-01-30 01:15:36,NULL
530,8,70,NULL,6,Hyderabad,INR,2170000,1630000,7.0,0,2021-01-18 11:26:56,2021-01-20 14:45:30,NULL
531,9,10,NULL,10,Gurugram,INR,2610000,2350000,0.0,0,2021-01-23 06:15:57,2021-01-24 10:45:59,NULL
532,7,91,NULL,0,Hyderabad,INR,5600000,3080000,0.0,1,2021-01-23 01:50:09,2021-01-25 02:02:42,NULL
533,8,22,NULL,12,Japan,JPY,6440000,4510000,7.0,1,NULL,NULL,NULL
534,4,114,NULL,12,Kolkata,INR,2460000,1970000,6.5,0,NULL,NULL,1.2
535,9,312,NULL,6,Bangalore,INR,2710000,2440000,7.0,0,NULL,NULL,NULL
536,5,41,NULL,10,Gurugram,INR,1860000,1580000,0.0,0,2021-01-19 04:04:57,2021-01-21 01:14:36,NULL
537,8,52,NULL,0,Mumbai,INR,4110000,3080000,7.5,0,2021-01-14 02:13:59,2021-01-15 08:45:44,NULL
538,1,262,NULL,0,Chennai,INR,2730000,2180000,0.0,1,NULL,NULL,1.2
539,9,142,NULL,0,Gurugram,INR,2870000,2580000,0.0,1,NULL,NULL,NULL
540,6,308,NULL,0,Kolkata,INR,2260000,1580000,0.0,0,NULL,NULL,NULL
541,4,196,NULL,0,Kolkata,INR,2050000,1840000,8.0,0,2021-01-12 18:32:02,2021-01-13 23:13:52,NULL
542,8,132,NULL,0,Kolkata,INR,3740000,2800000,0.0,0,2021-01-23 05:41:04,2021-01-25 00:31:35,NULL
543,8,147,NULL,10,Kolkata,INR,2490000,1740000,8.0,1,2021-01-30 06:25:38,2021-02-01 04:08:56,NULL
544,5,44,NULL,6,Hyderabad,INR,1960000,1570000,0.0,1,2021-01-18 16:58:48,2021-01-20 11:46:59,NULL
545,2,208,NULL,0,Gurugram,INR,1910000,1720000,0.0,1,NULL,NULL,1.1
546,9,241,NULL,0,Kolkata,INR,1920000,1630000,6.5,1,NULL,NULL,NULL
547,9,305,NULL,0,South Korea,KRW,39770000,33800000,0.0,0,NULL,NULL,NULL
548,6,140,NULL,0,Chennai,INR,3830000,2870000,8.0,0,NULL,NULL,3.2
549,8,106,NULL,0,Chennai,INR,3840000,3070000,7.5,0,2021-01-13 23:25:21,2021-01-15 04:13:49,NULL
550,9,56,NULL,0,Chennai,INR,2560000,2050000,0.0,1,2021-01-26 16:17:27,2021-01-28 04:54:12,NULL
551,3,311,NULL,0,Hyderabad,INR,2500000,2120000,0.0,1,2021-01-30 16:36:01,2021-02-02 00:49:20,NULL
552,9,43,NULL,0,Mumbai,INR,2830000,2550000,6.5,0,NULL,NULL,2.1
553,9,142,NULL,0,Chennai,INR,2690000,2290000,0.0,1,NULL,NULL,NULL
554,8,198,NULL,0,Bangalore,INR,2500000,2000000,6.5,0,2021-01-18 07:47:21,2021-01-20 00:05:08,NULL
555,8,234,NULL,12,Gurugram,INR,3260000,2440000,7.0,1,NULL,NULL,NULL
556,6,362,NULL,0,Gurugram,INR,3500000,2620000,7.0,1,2021-01-11 05:38:56,2021-01-12 11:21:48,2.2
557,6,342,NULL,0,Hyderabad,INR,2940000,2200000,8.0,1,NULL,NULL,NULL
558,2,258,NULL,12,Gurugram,INR,2170000,1740000,7.5,0,2021-01-27 06:05:17,2021-01-29 07:57:23,NULL
559,8,298,NULL,0,Kolkata,INR,3270000,2450000,7.0,0,2021-01-10 08:30:21,2021-01-11 21:41:48,NULL
560,8,84,NULL,12,South Korea,KRW,72890000,47380000,0.0,0,NULL,NULL,NULL
561,8,70,NULL,0,Gurugram,INR,4110000,2880000,0.0,0,2021-01-25 17:17:16,2021-01-27 10:02:50,NULL
562,8,219,NULL,0,Bangalore,INR,4580000,3210000,6.5,0,2021-01-23 11:43:22,2021-01-24 04:25:45,NULL
563,3,18,NULL,0,Bangalore,INR,2250000,1800000,0.0,1,NULL,NULL,NULL
564,9,13,NULL,0,Kolkata,INR,2620000,2230000,0.0,1,2021-02-02 12:33:51,2021-02-03 19:29:19,1.1
565,8,171,NULL,0,Chennai,INR,3360000,2180000,0.0,1,2021-01-13 18:20:04,2021-01-16 12:25:21,NULL
566,3,345,NULL,0,Gurugram,INR,2040000,1840000,0.0,0,NULL,NULL,NULL
567,8,270,NULL,0,Bangalore,INR,4060000,3040000,0.0,1,NULL,NULL,NULL
568,8,272,NULL,0,Gurugram,INR,4290000,2790000,6.5,0,2021-01-11 15:54:31,2021-01-13 00:47:34,NULL
569,8,361,NULL,6,Hong Kong,HKD,280000,220000,8.0,1,NULL,NULL,NULL
570,2,271,NULL,6,Bangalore,INR,2410000,2170000,8.5,1,2021-01-21 15:31:57,2021-01-23 05:04:28,NULL
571,8,323,NULL,0,Hyderabad,INR,3960000,2570000,0.0,0,2021-01-22 13:10:31,2021-01-24 04:29:21,NULL
572,8,266,NULL,0,Mumbai,INR,3190000,2550000,0.0,1,NULL,NULL,1.1
573,11,324,NULL,0,Chennai,INR,3500000,2980000,7.5,0,2021-01-18 02:23:43,2021-01-19 05:59:44,NULL
574,8,149,NULL,12,Chennai,INR,3960000,2770000,0.0,0,NULL,NULL,NULL
575,8,291,NULL,6,South Korea,KRW,65730000,42720000,8.5,0,2021-01-14 11:32:48,2021-01-15 13:13:00,2.2
576,8,83,NULL,0,Japan,JPY,5430000,3530000,0.0,1,2021-02-03 22:01:36,2021-02-06 02:44:02,NULL
577,7,359,NULL,6,Bangalore,INR,5370000,3490000,0.0,1,2021-01-20 09:21:29,2021-01-21 21:27:54,1.1
578,8,207,NULL,0,Mumbai,INR,3660000,2560000,7.5,0,2021-01-22 20:03:31,2021-01-24 06:31:04,NULL
579,9,168,NULL,0,Mumbai,INR,2700000,2300000,8.5,0,NULL,NULL,NULL
580,8,187,NULL,0,Hong Kong,HKD,340000,220000,8.0,1,2021-01-27 07:02:00,2021-01-29 00:09:00,NULL
581,8,120,NULL,0,Chennai,INR,4570000,2970000,0.0,0,2021-01-23 19:50:35,2021-01-24 08:46:44,NULL
582,3,320,NULL,0,Mumbai,INR,2550000,2300000,0.0,0,2021-01-14 13:15:09,2021-01-16 00:07:11,NULL
583,11,330,NULL,0,Bangalore,INR,2590000,2070000,0.0,0,NULL,NULL,NULL
584,3,252,NULL,12,Chennai,INR,2080000,1870000,0.0,0,2021-01-11 00:41:32,2021-01-13 04:10:27,NULL
585,9,137,NULL,6,Hyderabad,INR,2840000,2270000,7.0,0,NULL,NULL,NULL
586,8,325,NULL,0,Hong Kong,HKD,280000,180000,0.0,1,NULL,NULL,1.1
587,8,211,NULL,24,Hyderabad,INR,2960000,1920000,0.0,0,2021-01-18 18:38:26,2021-01-20 14:50:01,NULL
588,9,266,NULL,12,Kolkata,INR,1640000,1480000,0.0,1,2021-01-15 02:08:58,2021-01-16 13:41:02,1.1
589,8,85,NULL,0,Hyderabad,INR,3910000,2930000,0.0,0,NULL,NULL,NULL
590,8,145,NULL,0,Kolkata,INR,4110000,2880000,0.0,0,2021-02-01 22:54:03,2021-02-03 18:43:58,NULL
591,8,329,NULL,6,South Korea,KRW,63740000,44620000,8.0,1,2021-01-28 01:05:35,2021-01-29 20:52:44,NULL
592,8,328,NULL,24,Chennai,INR,3530000,2470000,6.5,0,2021-01-11 19:49:03,2021-01-13 16:21:27,NULL
593,8,166,NULL,0,United States,USD,30000,20000,8.0,1,2021-01-28 02:16:47,2021-01-30 00:26:20,NULL
594,9,10,NULL,0,Hyderabad,INR,2360000,2010000,8.5,0,2021-01-21 02:26:57,2021-01-22 10:37:04,NULL
595,6,144,NULL,10,Chennai,INR,4170000,2710000,0.0,0,2021-01-20 16:19:31,2021-01-21 19:00:53,NULL
596,9,278,NULL,0,Hyderabad,INR,2710000,2300000,0.0,1,2021-01-27 20:28:52,2021-01-28 16:44:26,NULL
597,9,268,NULL,0,Hyderabad,INR,2480000,1980000,0.0,0,NULL,NULL,NULL
598,8,174,NULL,0,Gurugram,INR,2390000,1910000,8.0,0,2021-01-25 02:30:09,2021-01-27 00:30:13,NULL
599,9,76,NULL,6,Chennai,INR,2280000,1940000,7.0,1,2021-02-03 14:11:01,2021-02-04 16:16:22,NULL
600,3,297,NULL,0,Hyderabad,INR,2870000,2440000,8.5,0,NULL,NULL,NULL
601,6,74,NULL,24,Mumbai,INR,3660000,2380000,7.0,0,2021-01-22 04:19:49,2021-01-24 02:17:15,NULL
602,2,108,NULL,24,Kolkata,INR,2300000,1840000,0.0,1,NULL,NULL,NULL
603,8,237,NULL,0,Japan,JPY,6320000,4740000,8.0,1,2021-01-10 11:44:09,2021-01-12 05:42:52,NULL
604,8,234,NULL,0,Kolkata,INR,1980000,1290000,0.0,0,2021-01-28 09:38:24,2021-01-29 23:00:10,NULL
605,2,239,NULL,0,Mumbai,INR,2060000,1650000,0.0,0,2021-01-19 11:47:28,2021-01-20 02:49:05,NULL
606,8,316,NULL,24,Kolkata,INR,2480000,1610000,0.0,0,2021-01-17 00:58:32,2021-01-18 19:48:19,NULL
607,8,247,NULL,12,Chennai,INR,3670000,2750000,7.5,1,NULL,NULL,NULL
608,8,232,NULL,24,Hyderabad,INR,3290000,2140000,0.0,1,2021-01-21 20:56:08,2021-01-22 12:06:24,2.1
609,4,235,NULL,0,Kolkata,INR,1680000,1340000,8.5,1,2021-01-12 09:54:04,2021-01-13 16:51:44,NULL
610,8,342,NULL,0,Chennai,INR,3440000,2410000,0.0,0,2021-01-20 02:41:48,2021-01-21 18:15:33,NULL
611,8,107,NULL,24,Chennai,INR,3110000,2180000,6.5,1,NULL,NULL,NULL
612,8,12,NULL,24,Bangalore,INR,2360000,1530000,8.5,1,2021-01-24 16:44:23,2021-01-26 11:56:20,NULL
613,8,135,NULL,6,Gurugram,INR,3250000,2280000,0.0,0,2021-01-27 09:43:44,2021-01-29 19:07:30,NULL
614,6,181,NULL,10,Chennai,INR,4610000,3690000,0.0,0,2021-01-18 14:05:25,2021-01-19 07:40:49,NULL
615,8,144,NULL,0,Kolkata,INR,3190000,2550000,0.0,0,NULL,NULL,NULL
616,8,339,NULL,0,Kolkata,INR,2920000,2340000,7.0,0,NULL,NULL,3.2
617,6,232,NULL,0,Bangalore,INR,3190000,2230000,7.0,1,NULL,NULL,2.1
618,8,346,NULL,0,Mumbai,INR,4330000,3030000,8.0,0,2021-01-10 14:46:50,2021-01-12 07:34:43,NULL
619,3,2,NULL,10,Chennai,INR,2690000,2420000,0.0,0,2021-01-17 08:26:59,2021-01-18 05:28:22,NULL
620,8,179,NULL,0,Kolkata,INR,5030000,4020000,8.0,1,2021-02-04 02:06:07,2021-02-05 00:55:44,NULL
621,8,114,NULL,0,Gurugram,INR,2590000,1680000,0.0,0,NULL,NULL,1.2
622,8,24,NULL,0,Bangalore,INR,2500000,2000000,8.5,1,NULL,NULL,NULL
623,8,294,NULL,10,Bangalore,INR,3650000,2740000,7.0,0,2021-01-14 05:35:15,2021-01-16 09:58:02,NULL
624,8,77,NULL,12,Kolkata,INR,4060000,2840000,8.5,0,2021-01-20 12:12:39,2021-01-20 21:53:47,NULL
625,6,307,NULL,0,Kolkata,INR,4750000,3090000,0.0,0,NULL,NULL,3.1
626,9,224,NULL,0,Gurugram,INR,3130000,2820000,7.5,1,2021-01-11 02:17:10,2021-01-11 23:38:31,NULL
627,5,60,NULL,6,Mumbai,INR,3390000,3050000,7.0,0,2021-01-22 10:23:23,2021-01-23 05:41:35,NULL
628,8,172,NULL,10,Gurugram,INR,3650000,2740000,0.0,1,NULL,NULL,2.2
629,2,334,NULL,0,Gurugram,INR,2670000,2400000,8.0,1,2021-01-23 23:13:06,2021-01-26 05:16:55,NULL
630,3,324,NULL,6,Gurugram,INR,2040000,1840000,8.5,0,2021-02-01 03:20:58,2021-02-02 16:00:26,NULL
631,8,269,NULL,0,United States,USD,70000,50000,0.0,1,NULL,NULL,NULL
632,3,352,NULL,0,United States,USD,30000,20000,8.0,0,2021-01-15 08:49:36,2021-01-17 06:07:54,NULL
633,8,100,NULL,0,Hyderabad,INR,3520000,2820000,7.5,1,2021-01-25 20:47:07,2021-01-27 09:15:15,NULL
634,6,130,NULL,24,Chennai,INR,2980000,2090000,6.5,0,2021-01-19 12:28:48,2021-01-21 18:18:16,NULL
635,2,208,NULL,0,Kolkata,INR,3040000,2740000,0.0,1,NULL,NULL,1.1
636,9,95,NULL,0,South Korea,KRW,48340000,41090000,7.0,1,2021-01-17 09:10:48,2021-01-19 16:32:17,3.1
637,7,206,NULL,10,Hyderabad,INR,5270000,2900000,8.5,1,2021-01-21 01:32:07,2021-01-22 10:04:47,NULL
638,8,333,NULL,0,Chennai,INR,2640000,1850000,7.0,1,NULL,NULL,NULL
639,8,341,NULL,24,Bangalore,INR,3770000,2450000,0.0,0,NULL,NULL,NULL
640,9,10,NULL,12,Kolkata,INR,2340000,1990000,7.5,0,NULL,NULL,NULL
641,9,9,NULL,0,Japan,JPY,3230000,2910000,0.0,1,NULL,NULL,NULL
642,8,167,NULL,0,Hyderabad,INR,2840000,2270000,7.5,1,NULL,NULL,NULL
643,9,172,NULL,0,Hyderabad,INR,1990000,1790000,0.0,1,2021-01-22 19:44:55,2021-01-24 01:40:36,2.2
644,8,163,NULL,0,Bangalore,INR,3380000,2200000,0.0,0,NULL,NULL,NULL
645,8,203,NULL,0,Gurugram,INR,2600000,1950000,7.0,1,NULL,NULL,NULL
646,2,264,NULL,0,Mumbai,INR,2970000,2520000,8.0,0,NULL,NULL,NULL
647,8,350,NULL,12,Mumbai,INR,4020000,2610000,0.0,0,2021-01-27 08:20:51,2021-01-29 07:50:45,NULL
648,8,290,NULL,0,Chennai,INR,3970000,2780000,6.5,1,NULL,NULL,NULL
649,8,290,NULL,0,Chennai,INR,2430000,1820000,0.0,0,2021-01-16 19:10:47,2021-01-17 13:18:55,NULL
650,8,189,NULL,10,Hyderabad,INR,4380000,3500000,7.0,0,NULL,NULL,NULL
651,9,175,NULL,0,Mumbai,INR,1310000,1110000,8.0,1,2021-01-20 01:50:37,2021-01-21 11:11:41,NULL
652,8,244,NULL,0,Gurugram,INR,4120000,2880000,7.0,1,2021-01-24 05:40:57,2021-01-25 03:51:07,NULL
653,9,172,NULL,0,Chennai,INR,2680000,2140000,0.0,0,NULL,NULL,2.2
654,8,181,NULL,0,Hyderabad,INR,1520000,1220000,0.0,0,2021-01-18 14:35:06,2021-01-20 04:07:21,NULL
655,8,96,NULL,0,Kolkata,INR,3670000,2390000,0.0,1,2021-01-13 07:37:35,2021-01-15 06:58:20,NULL
656,6,232,NULL,0,Kolkata,INR,4020000,2810000,0.0,1,NULL,NULL,2.1
657,9,219,NULL,10,Gurugram,INR,2430000,2190000,8.5,0,2021-02-04 02:54:14,2021-02-06 01:13:18,NULL
658,2,155,NULL,12,Gurugram,INR,2110000,1900000,8.5,1,2021-01-26 01:22:03,2021-01-27 19:41:15,NULL
659,8,290,NULL,12,Mumbai,INR,2110000,1580000,0.0,0,NULL,NULL,NULL
660,8,321,NULL,0,Kolkata,INR,4050000,3040000,6.5,0,NULL,NULL,3.2
661,9,10,NULL,6,Bangalore,INR,2410000,2170000,0.0,1,2021-01-31 06:43:50,2021-02-02 07:11:38,NULL
662,8,316,NULL,0,Gurugram,INR,4000000,3200000,0.0,0,NULL,NULL,NULL
663,7,236,NULL,0,Japan,JPY,9240000,5080000,0.0,0,NULL,NULL,NULL
664,8,322,NULL,0,Bangalore,INR,3160000,2530000,0.0,0,NULL,NULL,14.1
665,8,332,NULL,0,Hyderabad,INR,3070000,2150000,6.5,1,2021-01-20 17:41:19,2021-01-22 07:51:12,NULL
666,8,249,NULL,0,Chennai,INR,3280000,2300000,0.0,1,2021-01-19 07:48:59,2021-01-21 00:05:20,2.1
667,6,349,NULL,0,Chennai,INR,3370000,2700000,8.0,0,NULL,NULL,NULL
668,8,219,NULL,0,Bangalore,INR,3760000,2630000,0.0,0,NULL,NULL,NULL
669,8,95,NULL,0,South Korea,KRW,45160000,29350000,7.5,1,NULL,NULL,3.1
670,9,13,NULL,12,Hyderabad,INR,2570000,2060000,6.5,1,2021-01-23 01:34:30,2021-01-24 12:03:22,1.1
671,8,77,NULL,24,Gurugram,INR,2810000,1970000,6.5,0,2021-01-16 15:21:13,2021-01-17 17:09:13,NULL
672,8,231,NULL,0,Kolkata,INR,1810000,1360000,0.0,0,NULL,NULL,NULL
673,2,28,NULL,0,Bangalore,INR,2030000,1620000,8.0,0,2021-01-11 04:07:07,2021-01-12 03:30:13,1.1
674,8,283,NULL,0,Hyderabad,INR,2990000,2240000,0.0,1,2021-02-02 04:25:08,2021-02-03 22:34:00,NULL
675,8,138,NULL,0,Gurugram,INR,4900000,3920000,0.0,0,2021-01-24 12:21:22,2021-01-26 09:42:39,NULL
676,6,266,NULL,24,Hyderabad,INR,3220000,2420000,0.0,1,NULL,NULL,1.1
677,9,95,NULL,24,South Korea,KRW,40450000,32360000,7.5,0,NULL,NULL,3.1
678,1,261,NULL,0,Kolkata,INR,3350000,2850000,6.5,1,2021-01-25 11:26:59,2021-01-25 23:07:56,NULL
679,9,13,NULL,12,Chennai,INR,2540000,2160000,8.0,1,2021-01-23 02:51:11,2021-01-25 03:33:03,1.1
680,8,244,NULL,0,Chennai,INR,3980000,2790000,0.0,1,2021-02-02 11:30:03,2021-02-03 18:46:07,NULL
681,8,121,NULL,0,Chennai,INR,5190000,3370000,7.0,1,NULL,NULL,NULL
682,6,266,NULL,10,Mumbai,INR,3440000,2750000,8.5,1,NULL,NULL,1.1
683,8,95,NULL,0,South Korea,KRW,72810000,50970000,8.0,1,2021-02-01 23:58:53,2021-02-03 20:54:57,3.1
684,2,218,NULL,0,Mumbai,INR,2500000,2250000,8.5,0,2021-01-12 12:44:20,2021-01-14 14:06:18,NULL
685,8,272,NULL,0,Mumbai,INR,3580000,2680000,8.0,0,2021-01-15 06:26:02,2021-01-17 03:41:20,NULL
686,8,68,NULL,24,Hyderabad,INR,2680000,1740000,0.0,0,2021-01-12 15:03:06,2021-01-14 12:47:05,NULL
687,8,165,NULL,0,Gurugram,INR,3890000,3110000,8.5,1,2021-01-13 20:03:45,2021-01-15 02:17:21,NULL
688,9,142,NULL,10,Hyderabad,INR,2840000,2410000,7.5,0,2021-01-27 15:33:13,2021-01-28 12:09:43,NULL
689,9,211,NULL,10,Chennai,INR,2600000,2340000,0.0,1,2021-01-30 08:21:20,2021-02-01 15:29:35,NULL
690,8,351,NULL,0,Bangalore,INR,3760000,2630000,0.0,1,NULL,NULL,NULL
691,1,185,NULL,0,Hyderabad,INR,2370000,1900000,0.0,0,2021-01-17 02:57:52,2021-01-18 19:03:14,NULL
692,6,218,NULL,6,Chennai,INR,3870000,2520000,0.0,0,NULL,NULL,NULL
693,6,174,NULL,0,Hyderabad,INR,4340000,3470000,0.0,0,2021-01-30 22:51:25,2021-02-01 03:13:36,NULL
694,1,184,NULL,12,Kolkata,INR,2950000,2510000,6.5,0,NULL,NULL,NULL
695,8,186,NULL,0,Hyderabad,INR,3450000,2760000,7.5,1,NULL,NULL,NULL
